site_id,source_file,matcher,observed_name,recorded_country,stored_state,repointed_to
site__mrdata-usgs-gov-mrds__10106734__umn,umn/mrdata_mrds/b061.json,UMN Matching System-ProcMinev2,Mexico,Mexico,Q6879 New Mexico (United States),Q4540 Estado de México
site__mrdata-usgs-gov-mrds__10182436__umn,umn/mrdata_mrds/b002.json,UMN Matching System-ProcMinev2,Mexico,Mexico,Q6879 New Mexico (United States),Q4540 Estado de México
site__mrdata-usgs-gov-mrds__10182442__umn,umn/mrdata_mrds/b041.json,UMN Matching System-ProcMinev2,Mexico,Mexico,Q6879 New Mexico (United States),Q4540 Estado de México
site__mrdata-usgs-gov-mrds__10230586__umn,umn/mrdata_mrds/b057.json,UMN Matching System-ProcMinev2,Mexico,Mexico,Q6879 New Mexico (United States),Q4540 Estado de México
site__mrdata-usgs-gov-mrds__10255198__umn,umn/mrdata_mrds/b023.json,UMN Matching System-ProcMinev2,Mexico,Mexico,Q6879 New Mexico (United States),Q4540 Estado de México
site__mrdata-usgs-gov-mrds__10256515__umn,umn/mrdata_mrds/b010.json,UMN Matching System-ProcMinev2,Mexico,Mexico,Q6879 New Mexico (United States),Q4540 Estado de México
site__mrdata-usgs-gov-mrds__10302935__umn,umn/mrdata_mrds/b020.json,UMN Matching System-ProcMinev2,Mexico,Mexico,Q6879 New Mexico (United States),Q4540 Estado de México
site__mrdata-usgs-gov-mrds__60001685__umn,umn/mrdata_mrds/b031.json,UMN Matching System-ProcMinev2,Mexico,Mexico,Q6879 New Mexico (United States),Q4540 Estado de México
site__mrdata-usgs-gov-vms__1161__umn,umn/mrdata_vms/b008.json,UMN Matching System-ProcMinev2,Mexico,Mexico,Q6879 New Mexico (United States),Q4540 Estado de México
site__mrdata-usgs-gov-vms__1162__umn,umn/mrdata_vms/b017.json,UMN Matching System-ProcMinev2,Mexico,Mexico,Q6879 New Mexico (United States),Q4540 Estado de México
site__mrdata-usgs-gov-mrds__10057089__umn,umn/mrdata_mrds/b034.json,UMN Matching System-ProcMinev2,Panama,Panama,Q2118 Naama (Algeria),Q5076 Panamá Province
site__mrdata-usgs-gov-mrds__10057091__umn,umn/mrdata_mrds/b006.json,UMN Matching System-ProcMinev2,Panama,Panama,Q2118 Naama (Algeria),Q5076 Panamá Province
site__mrdata-usgs-gov-mrds__10057092__umn,umn/mrdata_mrds/b026.json,UMN Matching System-ProcMinev2,Panama,Panama,Q2118 Naama (Algeria),Q5076 Panamá Province
site__mrdata-usgs-gov-mrds__10057093__umn,umn/mrdata_mrds/b041.json,UMN Matching System-ProcMinev2,Panama,Panama,Q2118 Naama (Algeria),Q5076 Panamá Province
site__mrdata-usgs-gov-mrds__10057094__umn,umn/mrdata_mrds/b041.json,UMN Matching System-ProcMinev2,Panama,Panama,Q2118 Naama (Algeria),Q5076 Panamá Province
site__mrdata-usgs-gov-mrds__10057096__umn,umn/mrdata_mrds/b027.json,UMN Matching System-ProcMinev2,Panama,Panama,Q2118 Naama (Algeria),Q5076 Panamá Province
site__mrdata-usgs-gov-mrds__10057098__umn,umn/mrdata_mrds/b044.json,UMN Matching System-ProcMinev2,Panama,Panama,Q2118 Naama (Algeria),Q5076 Panamá Province
site__mrdata-usgs-gov-mrds__10057099__umn,umn/mrdata_mrds/b007.json,UMN Matching System-ProcMinev2,Panama,Panama,Q2118 Naama (Algeria),Q5076 Panamá Province
site__mrdata-usgs-gov-mrds__10057100__umn,umn/mrdata_mrds/b040.json,UMN Matching System-ProcMinev2,Panama,Panama,Q2118 Naama (Algeria),Q5076 Panamá Province
site__mrdata-usgs-gov-mrds__10057102__umn,umn/mrdata_mrds/b004.json,UMN Matching System-ProcMinev2,Panama,Panama,Q2118 Naama (Algeria),Q5076 Panamá Province
site__mrdata-usgs-gov-mrds__10057103__umn,umn/mrdata_mrds/b026.json,UMN Matching System-ProcMinev2,Panama,Panama,Q2118 Naama (Algeria),Q5076 Panamá Province
site__mrdata-usgs-gov-mrds__10057104__umn,umn/mrdata_mrds/b011.json,UMN Matching System-ProcMinev2,Panama,Panama,Q2118 Naama (Algeria),Q5076 Panamá Province
site__mrdata-usgs-gov-mrds__10057106__umn,umn/mrdata_mrds/b033.json,UMN Matching System-ProcMinev2,Panama,Panama,Q2118 Naama (Algeria),Q5076 Panamá Province
site__mrdata-usgs-gov-mrds__10057107__umn,umn/mrdata_mrds/b060.json,UMN Matching System-ProcMinev2,Panama,Panama,Q2118 Naama (Algeria),Q5076 Panamá Province
site__mrdata-usgs-gov-mrds__10057110__umn,umn/mrdata_mrds/b003.json,UMN Matching System-ProcMinev2,Panama,Panama,Q2118 Naama (Algeria),Q5076 Panamá Province
site__mrdata-usgs-gov-mrds__10057111__umn,umn/mrdata_mrds/b017.json,UMN Matching System-ProcMinev2,Panama,Panama,Q2118 Naama (Algeria),Q5076 Panamá Province
site__mrdata-usgs-gov-mrds__10057112__umn,umn/mrdata_mrds/b046.json,UMN Matching System-ProcMinev2,Panama,Panama,Q2118 Naama (Algeria),Q5076 Panamá Province
site__mrdata-usgs-gov-mrds__10057114__umn,umn/mrdata_mrds/b025.json,UMN Matching System-ProcMinev2,Panama,Panama,Q2118 Naama (Algeria),Q5076 Panamá Province
site__mrdata-usgs-gov-mrds__10057117__umn,umn/mrdata_mrds/b049.json,UMN Matching System-ProcMinev2,Panama,Panama,Q2118 Naama (Algeria),Q5076 Panamá Province
site__mrdata-usgs-gov-mrds__10057118__umn,umn/mrdata_mrds/b039.json,UMN Matching System-ProcMinev2,Panama,Panama,Q2118 Naama (Algeria),Q5076 Panamá Province
site__mrdata-usgs-gov-mrds__10057119__umn,umn/mrdata_mrds/b028.json,UMN Matching System-ProcMinev2,Panama,Panama,Q2118 Naama (Algeria),Q5076 Panamá Province
site__mrdata-usgs-gov-mrds__10057120__umn,umn/mrdata_mrds/b025.json,UMN Matching System-ProcMinev2,Panama,Panama,Q2118 Naama (Algeria),Q5076 Panamá Province
site__mrdata-usgs-gov-mrds__10057121__umn,umn/mrdata_mrds/b046.json,UMN Matching System-ProcMinev2,Panama,Panama,Q2118 Naama (Algeria),Q5076 Panamá Province
site__mrdata-usgs-gov-mrds__10057122__umn,umn/mrdata_mrds/b024.json,UMN Matching System-ProcMinev2,Panama,Panama,Q2118 Naama (Algeria),Q5076 Panamá Province
site__mrdata-usgs-gov-mrds__10057125__umn,umn/mrdata_mrds/b050.json,UMN Matching System-ProcMinev2,Panama,Panama,Q2118 Naama (Algeria),Q5076 Panamá Province
site__mrdata-usgs-gov-mrds__10057127__umn,umn/mrdata_mrds/b058.json,UMN Matching System-ProcMinev2,Panama,Panama,Q2118 Naama (Algeria),Q5076 Panamá Province
site__mrdata-usgs-gov-mrds__10057128__umn,umn/mrdata_mrds/b002.json,UMN Matching System-ProcMinev2,Panama,Panama,Q2118 Naama (Algeria),Q5076 Panamá Province
site__mrdata-usgs-gov-mrds__10057130__umn,umn/mrdata_mrds/b021.json,UMN Matching System-ProcMinev2,Panama,Panama,Q2118 Naama (Algeria),Q5076 Panamá Province
site__mrdata-usgs-gov-mrds__10057132__umn,umn/mrdata_mrds/b032.json,UMN Matching System-ProcMinev2,Panama,Panama,Q2118 Naama (Algeria),Q5076 Panamá Province
site__mrdata-usgs-gov-mrds__10057134__umn,umn/mrdata_mrds/b008.json,UMN Matching System-ProcMinev2,Panama,Panama,Q2118 Naama (Algeria),Q5076 Panamá Province
site__mrdata-usgs-gov-mrds__10057135__umn,umn/mrdata_mrds/b027.json,UMN Matching System-ProcMinev2,Panama,Panama,Q2118 Naama (Algeria),Q5076 Panamá Province
site__mrdata-usgs-gov-mrds__10057137__umn,umn/mrdata_mrds/b061.json,UMN Matching System-ProcMinev2,Panama,Panama,Q2118 Naama (Algeria),Q5076 Panamá Province
site__mrdata-usgs-gov-mrds__10057142__umn,umn/mrdata_mrds/b043.json,UMN Matching System-ProcMinev2,Panama,Panama,Q2118 Naama (Algeria),Q5076 Panamá Province
site__mrdata-usgs-gov-mrds__10057155__umn,umn/mrdata_mrds/b010.json,UMN Matching System-ProcMinev2,Panama,Panama,Q2118 Naama (Algeria),Q5076 Panamá Province
site__mrdata-usgs-gov-mrds__10057156__umn,umn/mrdata_mrds/b019.json,UMN Matching System-ProcMinev2,Panama,Panama,Q2118 Naama (Algeria),Q5076 Panamá Province
site__mrdata-usgs-gov-mrds__10057158__umn,umn/mrdata_mrds/b013.json,UMN Matching System-ProcMinev2,Panama,Panama,Q2118 Naama (Algeria),Q5076 Panamá Province
site__mrdata-usgs-gov-mrds__10057342__umn,umn/mrdata_mrds/b000.json,UMN Matching System-ProcMinev2,Panama,Panama,Q2118 Naama (Algeria),Q5076 Panamá Province
site__mrdata-usgs-gov-mrds__10057346__umn,umn/mrdata_mrds/b032.json,UMN Matching System-ProcMinev2,Panama,Panama,Q2118 Naama (Algeria),Q5076 Panamá Province
site__mrdata-usgs-gov-mrds__10057347__umn,umn/mrdata_mrds/b061.json,UMN Matching System-ProcMinev2,Panama,Panama,Q2118 Naama (Algeria),Q5076 Panamá Province
site__mrdata-usgs-gov-mrds__10057416__umn,umn/mrdata_mrds/b010.json,UMN Matching System-ProcMinev2,Panama,Panama,Q2118 Naama (Algeria),Q5076 Panamá Province
site__mrdata-usgs-gov-mrds__10057418__umn,umn/mrdata_mrds/b007.json,UMN Matching System-ProcMinev2,Panama,Panama,Q2118 Naama (Algeria),Q5076 Panamá Province
site__mrdata-usgs-gov-mrds__10057419__umn,umn/mrdata_mrds/b047.json,UMN Matching System-ProcMinev2,Panama,Panama,Q2118 Naama (Algeria),Q5076 Panamá Province
site__mrdata-usgs-gov-mrds__10057420__umn,umn/mrdata_mrds/b027.json,UMN Matching System-ProcMinev2,Panama,Panama,Q2118 Naama (Algeria),Q5076 Panamá Province
site__mrdata-usgs-gov-mrds__10057421__umn,umn/mrdata_mrds/b016.json,UMN Matching System-ProcMinev2,Panama,Panama,Q2118 Naama (Algeria),Q5076 Panamá Province
site__mrdata-usgs-gov-mrds__10057422__umn,umn/mrdata_mrds/b054.json,UMN Matching System-ProcMinev2,Panama,Panama,Q2118 Naama (Algeria),Q5076 Panamá Province
site__mrdata-usgs-gov-mrds__10057426__umn,umn/mrdata_mrds/b004.json,UMN Matching System-ProcMinev2,Panama,Panama,Q2118 Naama (Algeria),Q5076 Panamá Province
site__mrdata-usgs-gov-mrds__10057428__umn,umn/mrdata_mrds/b026.json,UMN Matching System-ProcMinev2,Panama,Panama,Q2118 Naama (Algeria),Q5076 Panamá Province
site__mrdata-usgs-gov-mrds__10057429__umn,umn/mrdata_mrds/b001.json,UMN Matching System-ProcMinev2,Panama,Panama,Q2118 Naama (Algeria),Q5076 Panamá Province
site__mrdata-usgs-gov-mrds__10057431__umn,umn/mrdata_mrds/b003.json,UMN Matching System-ProcMinev2,Panama,Panama,Q2118 Naama (Algeria),Q5076 Panamá Province
site__mrdata-usgs-gov-mrds__10057432__umn,umn/mrdata_mrds/b001.json,UMN Matching System-ProcMinev2,Panama,Panama,Q2118 Naama (Algeria),Q5076 Panamá Province
site__mrdata-usgs-gov-mrds__10057433__umn,umn/mrdata_mrds/b058.json,UMN Matching System-ProcMinev2,Panama,Panama,Q2118 Naama (Algeria),Q5076 Panamá Province
site__mrdata-usgs-gov-mrds__10057434__umn,umn/mrdata_mrds/b039.json,UMN Matching System-ProcMinev2,Panama,Panama,Q2118 Naama (Algeria),Q5076 Panamá Province
site__mrdata-usgs-gov-mrds__10057435__umn,umn/mrdata_mrds/b036.json,UMN Matching System-ProcMinev2,Panama,Panama,Q2118 Naama (Algeria),Q5076 Panamá Province
site__mrdata-usgs-gov-mrds__10057436__umn,umn/mrdata_mrds/b060.json,UMN Matching System-ProcMinev2,Panama,Panama,Q2118 Naama (Algeria),Q5076 Panamá Province
site__mrdata-usgs-gov-mrds__10057437__umn,umn/mrdata_mrds/b047.json,UMN Matching System-ProcMinev2,Panama,Panama,Q2118 Naama (Algeria),Q5076 Panamá Province
site__mrdata-usgs-gov-mrds__10057438__umn,umn/mrdata_mrds/b027.json,UMN Matching System-ProcMinev2,Panama,Panama,Q2118 Naama (Algeria),Q5076 Panamá Province
site__mrdata-usgs-gov-mrds__10061670__umn,umn/mrdata_mrds/b012.json,UMN Matching System-ProcMinev2,Panama,Panama,Q2118 Naama (Algeria),Q5076 Panamá Province
site__mrdata-usgs-gov-mrds__10064753__umn,umn/mrdata_mrds/b033.json,UMN Matching System-ProcMinev2,Panama,Panama,Q2118 Naama (Algeria),Q5076 Panamá Province
site__mrdata-usgs-gov-mrds__10100787__umn,umn/mrdata_mrds/b022.json,UMN Matching System-ProcMinev2,Panama,Panama,Q2118 Naama (Algeria),Q5076 Panamá Province
site__mrdata-usgs-gov-mrds__10100790__umn,umn/mrdata_mrds/b059.json,UMN Matching System-ProcMinev2,Panama,Panama,Q2118 Naama (Algeria),Q5076 Panamá Province
site__mrdata-usgs-gov-mrds__10100791__umn,umn/mrdata_mrds/b031.json,UMN Matching System-ProcMinev2,Panama,Panama,Q2118 Naama (Algeria),Q5076 Panamá Province
site__mrdata-usgs-gov-mrds__10100792__umn,umn/mrdata_mrds/b008.json,UMN Matching System-ProcMinev2,Panama,Panama,Q2118 Naama (Algeria),Q5076 Panamá Province
